time,reward_energy,reward_comfort,TSupSetHea,CorTRooSetCoo,CorTRooSetHea,NorTRooSetCoo,NorTRooSetHea,SouTRooSetCoo,SouTRooSetHea,EasTRooSetCoo,EasTRooSetHea,WesTRooSetCoo,WesTRooSetHea,res.PFan,res.PHea,res.PCooSen,res.PCooLat,TSupCor.T,TSupEas.T,TSupWes.T,TSupNor.T,TSupSou.T,weaBus.TDryBul,weaBus.relHum,weaBus.HGloHor,TSup.T,TRooAir.y5[1],TRooAir.y3[1],TRooAir.y1[1],TRooAir.y2[1],TRooAir.y4[1]
7200.0,0.0040924360921235125,0,284.576775165203,303.15,285.15,302.3521979970512,285.15,303.15,284.6947005356047,303.15,285.15,303.15,285.15,-2.0800965876055565e-15,0.0,-0.0040924360921214325,-0.0,293.1500111309424,293.15001744147025,293.150021600807,293.15001881907665,293.1500193271114,260.95,0.73,0.0,293.15,293.15,293.15,293.15,293.15,293.15
10800.0,-0.0015966900789849833,0,285.22478682424327,303.15,285.15,303.27705508479767,285.15,303.15,285.30261403811477,303.15,285.15,303.15,285.15,-5.002352503126353e-16,0.0,0.0015966900789854835,-0.0,293.1500850371991,293.1501276133176,293.15014874589133,293.15013595514904,293.150146228372,261.45,0.73,0.0,293.1500206374334,292.71494853637336,292.3210090644941,292.19693809061084,292.36234642688345,292.1042543084869
14400.0,0.006379349122777668,0,285.99797824043884,303.15,285.15,304.17266036141035,285.15,303.15,285.1078886853742,303.15,285.15,303.15,285.15,-7.596020774339315e-16,0.0,-0.006379349122776908,-0.0,293.14992101363725,293.14989108791474,293.14987827113305,293.14988498373765,293.1498640905446,262.04999999999995,0.73,0.0,293.1501553489482,292.6396694928186,292.20067893250916,292.0587950398065,292.2513037030058,292.05589895076963
18000.0,0.0013521697195066084,0,287.139894031687,303.15,285.15,305.0,285.15,303.15,285.42301276342124,303.15,285.15,303.15,285.15,-9.131252962453926e-16,0.0,-0.0013521697195056953,-0.0,293.1497571509347,293.1496570700057,293.1496109648286,293.1496367166049,293.1495956186184,262.04999999999995,0.73,0.0,293.14985850739026,292.5245294723978,292.0414579040069,291.81723082947315,292.09972896651266,291.8862953684454
21600.0,-28823.42304463419,0,287.2913354702706,303.15,285.15,305.0,285.15,303.15,284.6124643222663,303.15,285.15,303.15,285.15,740.7701082833945,27957.38737754979,125.26555880100521,-0.0,286.71349229670966,286.71349229670966,286.71349229670966,286.71349229670966,286.71349229670966,262.54999999999995,0.73,0.0,293.1495653499118,292.43773200729845,291.9123236665706,291.726620995689,291.9779167272713,291.7445650480003
25200.0,-25285.50674445812,5,285.7900667392385,303.15,285.15,304.1508148079249,285.15,303.15,285.5154857998096,303.15,285.15,303.15,285.15,740.7445126050966,24553.788372056497,-9.026140203472329,-0.0,285.8415128704382,285.8415128704382,285.8415128704382,285.8415128704382,285.8415128704382,262.54999999999995,0.73,0.0,286.7141702748671,291.513895197351,290.9726178712592,290.94371161283175,290.90761338666186,290.96307449726436
28800.0,-59635.320893859316,1,283.98490806942146,297.15,293.15,304.76262942509425,293.15,297.15,285.4256517863857,297.15,293.15,297.15,293.15,740.8580165063211,58896.48491159083,-2.022034237828776,-0.0,296.9326107450315,301.2541599104985,305.07085378892606,306.13634480263397,283.98370468054424,262.54999999999995,0.77,0.9078947368421053,285.8414644869868,291.26236753367806,290.6846259172131,290.6606876050112,290.60535788905986,290.68180363504274
32400.0,-44386.99321385121,2,282.94491729002635,297.15,293.15,303.86986037121517,293.15,297.15,285.2260372628937,297.15,293.15,297.15,293.15,740.9321071866043,43646.46811563966,-0.40700897506011385,-0.0,291.41777474468125,294.24673605904417,299.5453570116812,299.8959572742622,282.94880354672523,263.15,0.77,53.31263371844244,283.9836930487162,293.1567224225621,293.22931363271186,291.5863079057407,293.2284663487928,293.23111031397474
36000.0,-40601.9418410599,1,283.2752361678646,297.15,293.15,303.3272079853309,293.15,297.15,286.13773896024,297.15,293.15,297.15,293.15,741.0367869903348,39861.835748847334,-0.9306947777650618,-0.0,290.11112711105415,292.4049224408816,297.8736435549113,297.95267280102456,283.2729268472936,264.25,0.71,179.69447154471547,282.94880128271177,293.19642153165273,293.2359638318062,292.0303528357465,293.1984827910036,293.21839700745505
39600.0,-38337.89603579119,2,282.03160754544797,297.15,293.15,303.27686878455455,293.15,297.15,286.44679122040475,297.15,293.15,297.15,293.15,741.2465560250971,37597.05472122065,-0.40524145455708516,-0.0,289.46634471988915,292.08981262237404,296.74886623571535,296.76136422753837,282.03324479251324,266.45,0.6,297.03446808510637,283.27292208564614,293.1564762379467,293.16206931440445,292.3339653276392,293.15807101762175,293.1612765093315
43200.0,-36151.637132227326,2,280.1694772366299,297.15,293.15,303.74731541841294,293.15,297.15,286.8439923901053,297.15,293.15,297.15,293.15,741.5936520369058,35410.62506134348,-0.581581153063084,-0.0,288.93879420595056,292.2530860489882,295.59402584353586,295.5349605504246,280.17174568375583,268.15,0.63,369.4255319148936,282.0332425893589,293.154781030805,293.1619778718459,292.55757918277897,293.14864360785475,293.1613093658666
46800.0,-36729.67324024194,2,280.0,297.15,293.15,303.69681111692216,293.15,297.15,286.77015522061953,297.15,293.15,297.15,293.15,741.9276484764397,35987.32525314846,0.4203386170344898,-0.0,289.3867285178774,292.4809206494074,295.06005875972943,295.25380879625584,280.00041742422786,269.84999999999997,0.63,298.1751497005988,280.171742520493,293.1533481429546,293.15915281661773,292.8129125706233,293.1504873862146,293.15859049536186
50400.0,-33564.47453541535,2,280.9166390864141,297.15,293.15,302.8714990596861,293.15,297.15,287.34508485741014,297.15,293.15,297.15,293.15,742.2924268573003,32823.30490918951,-1.1228006314546086,-0.0,288.07975235481774,291.6358394554432,293.2194189515868,293.4585634477232,280.9083044081241,270.95,0.63,206.07762807717899,280.00041960474204,293.15027518841924,293.1566724567199,292.7362193934034,293.15106844788363,293.15888816221616
54000.0,-33061.90946268097,1,280.0,297.15,293.15,302.01664511424553,293.15,297.15,287.71299361709276,297.15,293.15,297.15,293.15,742.3062711443455,32319.741207907427,-0.13801637081028406,-0.0,288.016685492506,291.74336689560306,292.6160881793476,293.27692993381856,280.00027541247226,272.04999999999995,0.61,149.41169590643275,280.9082986501896,293.1508116507963,293.1534428672352,292.82907724844506,293.15004072827804,293.15616675883626
57600.0,-33261.34413876458,1,281.38451426777027,297.15,293.15,301.09499125785135,293.15,297.15,287.6356177214645,297.15,293.15,297.15,293.15,742.2951644214675,32518.571360498114,0.47761384499611403,-0.0,287.8308307313347,291.8314571442798,292.68720822274923,293.19584456319365,281.3829111198327,272.04999999999995,0.64,83.12356979405034,280.0002746361534,293.15042377266474,293.150620539952,292.7093428501122,293.14899573048706,293.15136160766565
61200.0,-32997.49249744768,0,280.9132313796278,297.15,293.15,300.3174190123224,293.15,297.15,287.23285717335517,297.15,293.15,297.15,293.15,742.2919385290684,32255.37980165995,-0.17924274133663992,-0.0,287.80285070256696,291.7948825120481,292.75338958055335,293.0222739541531,280.9137483101117,272.04999999999995,0.6900000000000001,19.704144021739133,281.38291371961395,293.1502852004767,293.1506538549987,292.6994061972166,293.149640500619,293.14855912800783
64800.0,-38736.96211545408,3,280.0,297.15,293.15,300.3346199503024,293.15,297.15,286.3980754144953,297.15,293.15,297.15,293.15,742.1083207860743,37994.47819368457,0.37560098344109316,-0.0,290.3311143155771,293.4023554755573,294.77454242139737,295.25655306215737,280.0007026773415,272.04999999999995,0.6900000000000001,1.1328124999999996,280.913747326892,293.1505055131304,293.1527131536989,292.58344215183865,293.15111081341024,293.1515226432058
68400.0,-45846.70063694776,3,280.0,297.15,293.15,300.964029238851,293.15,297.15,286.5618744895042,297.15,293.15,297.15,293.15,741.9624694096465,45104.71442379535,0.023743742762594878,-0.0,293.2092988275719,295.5022583298307,297.50275835318536,298.30486584981765,280.0006320221268,271.45,0.72,0.0,280.000704562795,293.13042364979094,293.1277234794666,292.28352265380386,293.1364435047748,293.12947400575695
72000.0,-4206.651152529458,0,280.0,297.15,293.15,300.65995731307123,293.15,297.15,286.9218184016447,297.15,293.15,297.15,293.15,786.6524196110407,3420.491795726974,-0.49306280855658946,-0.0,293.6065112218994,295.67069684778016,297.57240310377944,298.6092136819924,293.6065112218994,270.95,0.75,0.0,280.00063212397544,293.12739431698793,293.11411761107644,292.0122869268033,293.1312985051942,293.1205400961461
7200.0,0.004092192835051826,0,281.4706800935818,303.15,285.15,299.7078831265639,285.15,303.15,287.145375055061,303.15,285.15,303.15,285.15,-2.0800965876055565e-15,0.0,-0.004092192835049746,-0.0,293.1500123578983,293.15001932736345,293.1500239185702,293.1500208463058,293.1500214541324,260.95,0.73,0.0,293.15,293.15,293.15,293.15,293.15,293.15
10800.0,-0.0030189426996838076,0,280.88765388735914,303.15,285.15,299.55149884015725,285.15,303.15,288.04032142572953,303.15,285.15,303.15,285.15,-4.995759254993629e-16,0.0,0.003018942699684307,-0.0,293.1500875167705,293.15013133881644,293.1501530626846,293.15013992164404,293.1501504818883,261.45,0.73,0.0,293.1500229010036,292.71494865886416,292.32100911501794,292.19693826888675,292.36234649725384,292.104254394016
14400.0,0.005338385309843657,0,281.36387982128275,303.15,285.15,300.3210858497469,285.15,303.15,287.55350973019006,303.15,285.15,303.15,285.15,-7.586203405615524e-16,0.0,-0.005338385309842898,-0.0,293.15000804847904,293.1500168196638,293.150022052827,293.1500184012542,293.1500137247324,262.04999999999995,0.73,0.0,293.150159876467,292.6396671935295,292.20067700917684,292.0587901369518,292.25130160775694,292.055893705213
18000.0,0.014103062574687908,0,282.0800809336329,303.15,285.15,301.1276393473424,285.15,303.15,286.70440188999254,303.15,285.15,303.15,285.15,-9.097126484529091e-16,0.0,-0.014103062574686999,-0.0,293.1497427079601,293.1496379649113,293.14958970744664,293.14961653667206,293.14957786083386,262.04999999999995,0.73,0.0,293.1500160523441,292.52452554277085,292.04145033714605,291.8172245226226,292.0997215404368,291.8862882925086
21600.0,-13085.943703699391,0,281.2943125246938,303.15,285.15,301.8781918081484,285.15,303.15,286.53741796169265,303.15,285.15,303.15,285.15,740.7422921321205,12347.298924592305,-2.097513025035771,-0.0,281.39742108465487,281.39742108465487,281.39742108465487,281.39742108465487,281.39742108465487,262.54999999999995,0.73,0.0,293.149541152066,292.4377344339816,291.91232010184535,291.72662967972684,291.9779141530628,291.7445569062132
25200.0,-17445.352469388323,0,283.1385239889994,303.15,285.15,302.36688543045847,285.15,303.15,286.202739723026,303.15,285.15,303.15,285.15,740.7266458069787,16704.48909531982,0.13672826152405523,-0.0,283.13943175235755,283.13943175235755,283.13943175235755,283.13943175235755,283.13943175235755,262.54999999999995,0.73,0.0,281.3974156790728,290.85787727843893,290.35489459391727,290.32461613295317,290.1711393708944,290.29739709376776
28800.0,-60752.908728625334,0,283.1350369270867,297.15,293.15,302.2906946475062,293.15,297.15,285.48597339941716,297.15,293.15,297.15,293.15,740.8583929031753,60010.06724283286,1.9830928892987207,-0.0,297.5018631286214,301.7075038514561,305.6029919606633,306.67872556536366,283.12213069304863,262.54999999999995,0.77,0.9078947368421053,283.1394325717526,290.83181704142225,290.2740054576265,290.2495526324425,290.1303948852661,290.2449799255541
32400.0,-45037.70036130689,2,281.4889032303753,297.15,293.15,301.4567582137956,293.15,297.15,284.9162863105655,297.15,293.15,297.15,293.15,740.9321579699156,44297.11593805475,-0.34773471777814086,-0.0,291.91572936260326,294.46521536859217,299.9432788738008,300.37525836161973,281.49240028269764,263.15,0.77,53.31263371844244,283.1221410137576,293.16190226018733,293.2318970021323,291.5157192817371,293.23932571342056,293.23777215727677
36000.0,-40935.755505185974,1,281.3482570325843,297.15,293.15,301.6655524872192,293.15,297.15,284.04486196392963,297.15,293.15,297.15,293.15,741.0369063825526,40195.749372672115,-1.0307738686921533,-0.0,290.5953641257719,292.5207007529377,298.14290497394586,298.24188042116634,281.34670538987285,264.25,0.71,179.69447154471547,281.49239832995977,293.19722526898175,293.25102092895503,291.9165341322534,293.19962260996084,293.2287168880406
39600.0,-38504.08227055317,2,280.0,297.15,293.15,300.9310415819859,293.15,297.15,283.32984286008787,297.15,293.15,297.15,293.15,741.2467060282893,37763.10523984721,-0.26967532232484176,-0.0,289.8847412726731,292.20072499032364,296.9823738390877,297.01281180249947,280.00107295179475,266.45,0.6,297.03446808510637,281.3467000478178,293.15815472819924,293.1638125066372,292.177354173351,293.1583689220173,293.16289410155053
43200.0,-36618.83569382071,2,280.30984134058014,297.15,293.15,300.67060745580557,293.15,297.15,282.9743601054769,297.15,293.15,297.15,293.15,741.5937036538035,35877.16197403304,0.08001613386214451,-0.0,289.10144581896736,292.3589061431506,295.7813025026842,295.73477584906385,280.3101944097092,268.15,0.63,369.4255319148936,280.0010714841864,293.15654601027757,293.1636191422091,292.38398260832156,293.1488278267486,293.16273214030093
46800.0,-37148.689984233504,2,280.0,297.15,293.15,301.66764997998365,293.15,297.15,282.5079437842094,297.15,293.15,297.15,293.15,741.927646401256,36406.367995807654,0.39434202459190915,-0.0,289.5582457213027,292.58111652260857,295.22764758959323,295.4358128009137,280.0004872182047,269.84999999999997,0.63,298.1751497005988,280.31019487724495,293.15346839899945,293.1595770593984,292.78040385571717,293.1506557262076,293.1589929675721
50400.0,-33792.46829759775,2,280.0,297.15,293.15,302.4388389467514,293.15,297.15,282.33021606290777,297.15,293.15,297.15,293.15,742.2923989790565,33051.34186139069,-1.1659627719993004,-0.0,288.33326569998604,291.7440305506507,293.36508192642907,293.6212251406781,279.99401939032134,270.95,0.63,206.07762807717899,280.0004892555213,293.1503248472327,293.1569567846694,292.69926673970383,293.1510567332896,293.15922525544437
54000.0,-33715.09232526534,1,281.28795011993407,297.15,293.15,302.8076728390815,293.15,297.15,283.01459452214743,297.15,293.15,297.15,293.15,742.3063234297133,32972.24243349525,0.5435683403686361,-0.0,288.07705581623804,291.83645631595425,292.7338074225204,293.41658562552846,281.2861018046685,272.04999999999995,0.61,149.41169590643275,279.9940133245691,293.1508387568311,293.153615641067,292.7219241260968,293.15005198516644,293.1563688187679
57600.0,-33507.86097406124,1,280.4722909133958,297.15,293.15,302.3266990339811,293.15,297.15,283.36932221012574,297.15,293.15,297.15,293.15,742.2951044552701,32765.885211393965,-0.31934178799431445,-0.0,288.11207513687486,291.90519723723,292.8035544167704,293.335914991879,280.4732044202297,272.04999999999995,0.64,83.12356979405034,281.2861047621728,293.15047488112623,293.1507785531251,292.7732069731983,293.14918727893485,293.1515823249335
61200.0,-33264.03700481388,1,280.0,297.15,293.15,301.8046913462525,293.15,297.15,282.7225448367193,297.15,293.15,297.15,293.15,742.2919459034292,32521.850650880056,-0.10559196960640374,-0.0,288.09783723754714,291.8722186293498,292.86632344865524,293.15139252181496,280.00025640309576,272.04999999999995,0.6900000000000001,19.704144021739133,280.47320265991976,293.1501539883772,293.15063269407784,292.60426964134507,293.1498299893929,293.14845834781545
64800.0,-39146.90277696483,3,280.0,297.15,293.15,301.8313856369729,293.15,297.15,281.7261012293396,297.15,293.15,297.15,293.15,742.1083407349017,38404.196622671945,0.5978135579848658,-0.0,290.52414943774664,293.4813679178378,294.8842284813631,295.3714413213564,280.0000633956174,272.04999999999995,0.6900000000000001,1.1328124999999996,280.0002558184405,293.150609508157,293.1528090280668,292.4897712285202,293.1510777516431,293.1515712506159
68400.0,-46226.924604518106,3,280.0,297.15,293.15,301.098789921023,293.15,297.15,282.59978802199356,297.15,293.15,297.15,293.15,741.9624725440733,45484.938792708635,0.02333926540053479,-0.0,293.386279001724,295.5823176792042,297.60454345653676,298.4158990347058,280.00063062124826,271.45,0.72,0.0,280.00006649563346,293.130461689581,293.1276961896308,292.2566510263705,293.13639852468873,293.1297927547347
72000.0,-4383.952716476994,0,281.789650236955,297.15,293.15,301.54870394196575,293.15,297.15,283.2908825335452,297.15,293.15,297.15,293.15,786.652419586375,3597.817988846439,-0.517691955819645,-0.0,293.5854652615851,295.82309037009423,297.76394855009727,298.77952557963823,293.5854652615851,270.95,0.75,0.0,280.00063071870284,293.12740742964917,293.11374711863914,291.98953091918366,293.1312159182861,293.12025835265774
7200.0,0.004089308222971148,0,282.16624333979485,303.15,285.15,300.58864704873093,285.15,303.15,282.5107773258971,303.15,285.15,303.15,285.15,-2.0800965876055613e-15,0.0,-0.004089308222969068,-0.0,293.15000968122814,293.1500152177904,293.1500188701655,293.15001642862825,293.1500168132923,260.95,0.73,0.0,293.15,293.15,293.15,293.15,293.15,293.15
10800.0,0.0011054603060629566,0,281.54067821256155,303.15,285.15,299.83057733143437,285.15,303.15,281.64356165557484,303.15,285.15,303.15,285.15,-5.002352503120517e-16,0.0,-0.0011054603060624564,-0.0,293.1500754652252,293.1501132731506,293.15013200913836,293.15012067867616,293.1501297696663,261.45,0.73,0.0,293.1500179629975,292.71494837767045,292.3210089762024,292.1969380334797,292.3623463041607,292.1042541398928
14400.0,0.005042767526768182,0,280.52908806794585,303.15,285.15,300.63126370153657,285.15,303.15,282.26784392469665,303.15,285.15,303.15,285.15,-7.586203405491988e-16,0.0,-0.005042767526767423,-0.0,293.1499206921763,293.1498900422798,293.14987667235135,293.14988380136384,293.14986350106653,262.04999999999995,0.73,0.0,293.150137867538,292.6396694441137,292.20067916834415,292.0587959867588,292.25130396960816,292.05589979183884
18000.0,0.0124042657456145,0,280.42746718792097,303.15,285.15,300.96496823177813,285.15,303.15,282.76048146102096,303.15,285.15,303.15,285.15,-9.06676325244482e-16,0.0,-0.012404265745613593,-0.0,293.14968793165497,293.1495578642939,293.14949716816324,293.14953136241314,293.1494847774269,262.04999999999995,0.73,0.0,293.14985774654065,292.52452861877174,292.0414566795503,291.8172290437736,292.09972770446745,291.8862935674831
21600.0,-9464.513674682019,0,280.0,303.15,285.15,300.9937080976317,285.15,303.15,283.3457452930484,303.15,285.15,303.15,285.15,740.7362069740194,8741.084268722623,-17.30680101462407,-0.0,280.1627938787883,280.1627938787883,280.1627938787883,280.1627938787883,280.1627938787883,262.54999999999995,0.73,0.0,293.14944193455443,292.4377392529517,291.91233032582807,291.7266504941119,291.9779237040932,291.74456241927635
25200.0,-8323.774905345917,0,280.0,303.15,285.15,301.0728121792502,285.15,303.15,284.142874195576,303.15,285.15,303.15,285.15,740.7095958998073,7583.649106121985,-0.5837966758755131,-0.0,280.00277905547864,280.00277905547864,280.00277905547864,280.00277905547864,280.00277905547864,262.54999999999995,0.73,0.0,280.1627063120263,290.7100562006413,290.21554501650405,290.18503054158526,290.0052366726985,290.14742258560625
28800.0,-61520.571233593044,0,281.7357100171861,297.15,293.15,300.6700629273717,293.15,297.15,284.7874097060993,297.15,293.15,297.15,293.15,740.8588142340711,60776.91439124549,2.7980281134801537,-0.0,298.0484034669595,302.0673980844446,306.0009571308757,307.06534822987624,281.72199606393565,262.54999999999995,0.77,0.9078947368421053,280.0027759324869,290.3951445220457,289.85905980866517,289.8341308560715,289.6454790970347,289.8017349707883
32400.0,-45533.04553597923,1,280.99513154116835,297.15,293.15,300.4313950025971,293.15,297.15,284.627541605825,297.15,293.15,297.15,293.15,740.9322072817424,44792.15356956476,-0.04024086727751096,-0.0,292.1850815095755,294.6094598428884,300.2009203249122,300.69764904286046,280.9978923388081,263.15,0.77,53.31263371844244,281.72201097232124,293.16947038720446,293.23340132223905,291.4212436076053,293.2530756390789,293.2447501955231
36000.0,-41172.02766775208,1,280.0381026405629,297.15,293.15,300.4144407797068,293.15,297.15,284.6112176562582,297.15,293.15,297.15,293.15,741.0369216757658,40432.04389536332,-1.0531492870057138,-0.0,290.93021142009394,292.60127244441765,298.32555234478195,298.4375376563821,280.03707425341287,264.25,0.71,179.69447154471547,280.99789207517773,293.1975095616726,293.26252327572195,291.87206146277435,293.2016559178743,293.2355718693148
39600.0,-38845.58967716123,2,280.0,297.15,293.15,301.1626698901178,293.15,297.15,283.9255452574839,297.15,293.15,297.15,293.15,741.2467572554858,38104.32487649564,0.018043410107750398,-0.0,290.0251707413426,292.26578533109193,297.12581376904427,297.1672363495843,280.0002884565168,266.45,0.6,297.03446808510637,280.03706874125777,293.158466848613,293.16513539676845,292.07482990986466,293.1589485442942,293.1641250882517
43200.0,-36816.24225209333,2,280.0,297.15,293.15,301.30011785403843,293.15,297.15,283.1805094656993,297.15,293.15,297.15,293.15,741.5937135553628,36074.655752701285,-0.007214163316080994,-0.0,289.2263269378017,292.4174265033933,295.9108926978792,295.87353624116736,280.00048836396434,268.15,0.63,369.4255319148936,280.0002885740578,293.1568711143398,293.16403667643465,292.36195508493705,293.1489109417891,293.1630897734734
46800.0,-37418.35319321769,2,280.0,297.15,293.15,300.48241590807226,293.15,297.15,283.61716147517484,297.15,293.15,297.15,293.15,741.9276466024363,36675.97655027996,0.4489963352988234,-0.0,289.6690766877458,292.6351847707815,295.3395067876739,295.55729696436674,280.00033729876657,269.84999999999997,0.63,298.1751497005988,280.0004883524849,293.15359152811396,293.15996576901,292.7326685125079,293.1507345174432,293.1593500684121
50400.0,-34056.758312711514,2,280.0,297.15,293.15,301.032419794027,293.15,297.15,282.8417197673624,297.15,293.15,297.15,293.15,742.2924046910529,33315.63187858931,-1.1659705688480568,-0.0,288.44425923946125,291.809933863106,293.46033154088207,293.727738543763,279.9940197283855,270.95,0.63,206.07762807717899,280.0003396373171,293.15031462944444,293.15716177882814,292.6763335888637,293.15104417919974,293.15946486191336
54000.0,-33827.72388976214,1,280.46002704350894,297.15,293.15,301.4620090680764,293.15,297.15,282.47629479539864,297.15,293.15,297.15,293.15,742.3062970693734,33085.14821820201,0.2693744907589652,-0.0,288.27439111086363,291.89625042016996,292.81841510084104,293.516807230934,280.4590104410423,272.04999999999995,0.61,149.41169590643275,279.99401366261986,293.1509224812609,293.15372901191375,292.70076908672564,293.1500606492554,293.1565113893664
57600.0,-33705.554129929675,1,280.0,297.15,293.15,301.84952990335313,293.15,297.15,283.1029439122047,297.15,293.15,297.15,293.15,742.2951106422572,32963.35254374676,-0.09352445934258269,-0.0,288.29075961727267,291.95531423891055,292.8814353440589,293.4272783159501,280.000177511255,272.04999999999995,0.64,83.12356979405034,280.45901189570986,293.1504005598747,293.150810569651,292.68871727066727,293.14925024785725,293.15159761423433
61200.0,-33541.77831139617,1,280.0,297.15,293.15,301.0972368596351,293.15,297.15,282.4029074867228,297.15,293.15,297.15,293.15,742.29196138963,32799.48916799826,-0.002817991718904889,-0.0,288.22718212865306,291.92729425905117,292.94031678719057,293.2349352572495,279.99996746088857,272.04999999999995,0.6900000000000001,19.704144021739133,280.0001769827163,293.15015693247346,293.1507150381059,292.5487100881047,293.1496614781358,293.14851119604805
64800.0,-39559.84246243172,3,280.96186806490596,297.15,293.15,300.719796153482,293.15,297.15,282.5722050786125,297.15,293.15,297.15,293.15,742.1084074862821,38816.6760091608,1.0580457846361693,-0.0,290.53362768873365,293.53445063101594,294.9756495422249,295.4403538305727,280.96062749078845,272.04999999999995,0.6900000000000001,1.1328124999999996,279.9999674416173,293.15065102921903,293.1528718316584,292.4698772083075,293.1511013761844,293.1516131204243
68400.0,-46796.08337107605,3,282.35792294831697,297.15,293.15,300.3857607016464,293.15,297.15,283.08090895928046,297.15,293.15,297.15,293.15,741.9625045164858,46053.61793463048,0.5029319290859955,-0.0,293.19620569708604,295.6365138115921,297.6775051514714,298.50084238579313,282.3571681823519,271.45,0.72,0.0,280.9606330875539,293.1307640486625,293.1271223785882,292.30309492784636,293.13642521414795,293.131998530638
72000.0,-4498.661494305673,0,281.27177708394436,297.15,293.15,300.5651627082973,293.15,297.15,283.3409587243658,297.15,293.15,297.15,293.15,786.6524195862675,3712.555790575785,-0.5467158563800361,-0.0,293.5731271159981,295.9229841184536,297.88568273802366,298.89359027132923,293.5731271159981,270.95,0.75,0.0,282.3571709023202,293.127384910696,293.11646173295236,292.123505198722,293.1322315569982,293.12255657346105
7200.0,0.004087930090834031,0,280.3664451689253,303.15,285.15,301.40667233333676,285.15,303.15,284.1574845811635,303.15,285.15,303.15,285.15,-2.0800405493885343e-15,0.0,-0.004087930090831951,-0.0,293.15000973641605,293.15001530204376,293.1500189731281,293.1500165191409,293.15001690869815,260.95,0.73,0.0,293.15,293.15,293.15,293.15,293.15,293.15
10800.0,-0.0030652035468607198,0,280.0,303.15,285.15,300.7106526772878,285.15,303.15,283.92296174103996,303.15,285.15,303.15,285.15,-4.996857827770404e-16,0.0,0.0030652035468612194,-0.0,293.150091414822,293.1501370667414,293.1501595470789,293.1501459896542,293.1501571705941,261.45,0.73,0.0,293.15001806470025,292.71494838733815,292.32100897595325,292.1969380648031,292.3623463109791,292.10425414201694
14400.0,0.004468795681930343,0,280.01626188000847,303.15,285.15,300.0243497856601,285.15,303.15,284.83845073787205,303.15,285.15,303.15,285.15,-7.589249495795501e-16,0.0,-0.004468795681929584,-0.0,293.1500002233807,293.1500059160112,293.1500096147087,293.1500068438751,293.15000031261843,262.04999999999995,0.73,0.0,293.1501669516215,292.63966734314846,292.2006768377098,292.0587903974115,292.2513014427657,292.05589426637937
18000.0,0.007982978358054612,0,280.0,303.15,285.15,300.0235696406711,285.15,303.15,284.6158404891779,303.15,285.15,303.15,285.15,-9.05307938637041e-16,0.0,-0.007982978358053706,-0.0,293.1500594761072,293.15009129857856,293.15010653502156,293.15009727161464,293.150107116679,262.04999999999995,0.73,0.0,293.15000200663593,292.5245225097864,292.04144865656156,291.8172171942084,292.0997196497927,291.8862821857023
21600.0,-9897.053561365601,0,280.153665030596,303.15,285.15,300.25035398188675,285.15,303.15,284.8747020266545,303.15,285.15,303.15,285.15,740.7369124965483,9170.873496905902,-14.55684803684937,-0.0,280.3095243417555,280.3095243417555,280.3095243417555,280.3095243417555,280.3095243417555,262.54999999999995,0.73,0.0,293.15011015900467,292.4377433007754,291.9123373354291,291.7266700819234,291.97793011084684,291.74456648153426
25200.0,-13809.684349951536,0,281.8879593133439,303.15,285.15,299.6262581663402,285.15,303.15,285.50833508154216,303.15,285.15,303.15,285.15,740.7194514316272,13069.035093176497,-0.07019465658853875,-0.0,281.8893298616432,281.8893298616432,281.8893298616432,281.8893298616432,281.8893298616432,262.54999999999995,0.73,0.0,280.30945140797587,290.7274021437923,290.2319083007824,290.2014255300179,290.02472842094346,290.1650346011813
28800.0,-61102.260348372394,0,281.29496495455146,297.15,293.15,299.80886140996375,293.15,297.15,285.0364502310959,297.15,293.15,297.15,293.15,740.8587297135062,60359.382447957956,2.019170700926227,-0.0,297.98050964143994,301.93823203332596,305.82582950274457,306.8760784119969,281.2830479806494,262.54999999999995,0.77,0.9078947368421053,281.88932955290863,290.65082581555015,290.1018579425081,290.0772066204273,289.92981806348644,290.06131025387157
32400.0,-45282.04165030102,1,281.10157008567967,297.15,293.15,299.9994160743203,293.15,297.15,284.6590687952234,297.15,293.15,297.15,293.15,740.9321941987953,44540.963040832576,0.14641526965227997,-0.0,292.0747747021768,294.5349788363571,300.0749016348153,300.5495091563103,281.1037019922308,263.15,0.77,53.31263371844244,281.2830585765278,293.1702880363043,293.2305328712839,291.4021961553686,293.25263354116976,293.2422894505081
36000.0,-40999.26029234825,1,280.17554830683525,297.15,293.15,299.8145391531256,293.15,297.15,285.2749785815507,297.15,293.15,297.15,293.15,741.0369119306743,40259.43798105139,-1.214600633815342,-0.0,290.83697589417426,292.5615443678064,298.2388899486378,298.3440683733828,280.1746772517486,264.25,0.71,179.69447154471547,281.10370274611853,293.1972779755513,293.2593505073905,291.8840226159763,293.20060588190455,293.2333194359058
39600.0,-38807.268969799356,2,280.8232390572486,297.15,293.15,298.9185128323094,293.15,297.15,284.3930784159647,297.15,293.15,297.15,293.15,741.246746029643,38065.73195794013,0.290265829586031,-0.0,289.86505119844844,292.23323168496137,297.04616914463423,297.08056007310773,280.8227535045362,266.45,0.6,297.03446808510637,280.1746708869054,293.1583544738945,293.1647006114708,292.09041366914744,293.15852688824725,293.16372175858294
43200.0,-37103.898947940994,2,282.1420227265668,297.15,293.15,298.0639307776355,293.15,297.15,284.67918850156667,297.15,293.15,297.15,293.15,741.5936653543765,36361.88584883827,0.41943374834802055,-0.0,288.9824185875463,292.38776994906254,295.8510732794077,295.7932170528439,282.14126158276673,268.15,0.63,369.4255319148936,280.8227551095595,293.1566091045916,293.1634088574451,292.4251289253826,293.14892431705454,293.1625506465842
46800.0,-37695.5643335023,2,282.30603957287866,297.15,293.15,297.1086408537707,293.15,297.15,285.63608229692665,297.15,293.15,297.15,293.15,741.9277073922872,36953.0555658961,0.5810602139125391,-0.0,289.3831638888241,292.60666639571843,295.27130092407765,295.4877353734393,282.3060898087262,269.84999999999997,0.63,298.1751497005988,282.1412639160505,293.1523738844944,293.16082850718004,292.919236773271,293.1507584154314,293.16083517520053
50400.0,-34507.86736022357,2,283.1826643770549,297.15,293.15,296.28363327042615,293.15,297.15,286.0096829465431,297.15,293.15,297.15,293.15,742.2924251508036,33766.6654931603,-1.0905580875245824,-0.0,288.07916964914523,291.77121357480104,293.4008058427597,293.66716910397184,283.17367667278637,270.95,0.63,206.07762807717899,282.30609284812675,293.1504146738646,293.1566637820752,292.88151531286337,293.15109824576246,293.1588279194612
54000.0,-33808.73079823479,1,281.41921153567023,297.15,293.15,296.5882544538821,293.15,297.15,286.74968720688,297.15,293.15,297.15,293.15,742.3062478375823,33066.934579822206,-0.5100294249901369,-0.0,288.0842949057111,291.86522776361454,292.7735244005401,293.47052213150545,281.42065806603387,272.04999999999995,0.61,149.41169590643275,283.1736711064383,293.15051679789144,293.15374364192473,292.9983795238641,293.150084326157,293.1566182214433
57600.0,-33634.292458280164,1,280.7729857416292,297.15,293.15,297.1363235991857,293.15,297.15,287.0179164694569,297.15,293.15,297.15,293.15,742.2951086169506,32892.24189554282,-0.24454587960763416,-0.0,288.10614412270354,291.9268663609817,292.8388200412625,293.3826618026907,280.7736555359758,272.04999999999995,0.64,83.12356979405034,281.42065525691015,293.15028485408374,293.15070243105185,292.8048260352515,293.1490796916431,293.15148702787474
61200.0,-33341.02372110311,1,280.0,297.15,293.15,297.6774823732928,293.15,297.15,287.84530440137956,297.15,293.15,297.15,293.15,742.291936327943,32598.914799697737,-0.18301492256263416,-0.0,288.1251140844501,291.898101944892,292.9008516727468,293.1953928261345,280.0004749823162,272.04999999999995,0.6900000000000001,19.704144021739133,280.7736541844401,293.1501519338282,293.15067941779074,292.6415218785156,293.1496852204821,293.1484752808239
64800.0,-39221.38909050472,3,280.0,297.15,293.15,296.99286096838557,293.15,297.15,287.7243731438258,297.15,293.15,297.15,293.15,742.1083412319888,38478.68286412338,0.5978851493593925,-0.0,290.55103691845034,293.50703494121484,294.917076231055,295.41111075649707,280.0000630501151,272.04999999999995,0.6900000000000001,1.1328124999999996,280.00047397180407,293.15058634627053,293.1528371827534,292.5028445591848,293.1510704679857,293.1515848581975
68400.0,-46446.37972130985,2,281.0848080557045,297.15,293.15,296.7720675531881,293.15,297.15,288.16710466659947,297.15,293.15,297.15,293.15,741.9625099194004,45704.00373351079,0.4134778796604738,-0.0,293.27173847485767,295.60987217369336,297.6370185746068,298.45808524204836,281.0843501972021,271.45,0.72,0.0,280.0000661505694,293.13047269309016,293.1276607470535,292.26756641935077,293.13638967557307,293.1299175123362
72000.0,-4422.812848863564,0,281.8935505453843,297.15,293.15,296.17919230915965,293.15,297.15,288.7554495023718,297.15,293.15,297.15,293.15,786.6524195741806,3636.698672026018,-0.5382427366346482,-0.0,293.5836060200679,295.8581561488761,297.80317934449147,298.8247601590117,293.5836060200679,270.95,0.75,0.0,281.08435242810896,293.12754745389714,293.11501274453013,292.06533106813924,293.13092009630964,293.1213421617919
7200.0,0.00408855585942597,0,281.50159999646905,303.15,285.15,295.7933091946802,285.15,303.15,289.52382803070594,303.15,285.15,303.15,285.15,-2.080096587605563e-15,0.0,-0.00408855585942389,-0.0,293.1500095296435,293.1500149692397,293.1500185565699,293.150016159556,293.1500165566306,260.95,0.73,0.0,293.15,293.15,293.15,293.15,293.15,293.15
10800.0,-0.0034547540061944863,0,280.81651565956867,303.15,285.15,294.9060324218045,285.15,303.15,290.08023298418914,303.15,285.15,303.15,285.15,-5.005375861382604e-16,0.0,0.0034547540061949868,-0.0,293.1500920959785,293.1501380903562,293.15016085893546,293.1501470975007,293.1501583853381,261.45,0.73,0.0,293.15001768001724,292.71494838243933,292.32100896906843,292.19693805430467,292.3623463021067,292.10425413737676
14400.0,0.0029397913150876168,0,280.0,303.15,285.15,295.4601842538594,285.15,303.15,290.82615834891214,303.15,285.15,303.15,285.15,-7.585188177926554e-16,0.0,-0.0029397913150868583,-0.0,293.15006226198443,293.1500950052608,293.1501115792844,293.15010137666087,293.15010706768817,262.04999999999995,0.73,0.0,293.1501682124093,292.6396674505758,292.2006771964443,292.05879095053615,292.2513018484444,292.0558942978509
18000.0,0.006200361127746739,0,280.0,303.15,285.15,295.30610202726297,285.15,303.15,290.9244896929316,303.15,285.15,303.15,285.15,-9.049382818600944e-16,0.0,-0.0062003611277458345,-0.0,293.14975836323384,293.14966089343613,293.14961606332025,293.14964090007174,293.14960757379254,262.04999999999995,0.73,0.0,293.15011419875583,292.52451522898065,292.0414365504294,291.81720085646884,292.09970771806417,291.88626558001874
21600.0,-10916.860837606146,0,280.0,303.15,285.15,294.4051536297106,285.15,303.15,290.6487959224346,303.15,285.15,303.15,285.15,740.7362430268178,10193.185593748929,-17.060999169601722,-0.0,280.1628088408567,280.1628088408567,280.16280884085666,280.16280884085666,284.2688820081321,262.54999999999995,0.73,0.0,293.14956896580503,292.4377387575162,291.9123165988828,291.72665229815294,291.97791142011334,291.7445455149973
25200.0,-11677.575969389509,0,280.8128577682296,303.15,285.15,293.7585101723207,285.15,303.15,290.14101142949585,303.15,285.15,303.15,285.15,740.7145236838493,10937.317679977528,-0.45623427186946924,-0.0,280.8156474749542,280.8156474749542,280.8156474749542,280.8156474749542,283.6884990640932,262.54999999999995,0.73,0.0,280.16272195346784,290.7115300335693,290.21561673027816,290.2653434954039,290.00538307939877,290.14755296699724
28800.0,-63470.594894265705,0,280.0,297.15,293.15,292.8421488246305,293.15,297.15,290.0459480596197,297.15,293.15,297.15,293.15,825.6214795453541,62641.63429283601,3.3391218843356967,-0.0,298.2888927431948,302.10560416106125,305.9723510061195,303.0505765256166,279.98471561392347,262.54999999999995,0.77,0.9078947368421053,280.8156450638315,290.5252967508312,289.97063362956766,290.13523557186915,289.77777884771785,289.92322193163903
32400.0,-47481.510529936444,1,280.0,297.15,293.15,293.3090344254555,293.15,297.15,289.42632787789563,297.15,293.15,297.15,293.15,825.6510966873055,46655.66014827414,0.19928497500161182,-0.0,292.2923277969779,294.5916542209359,300.198526751853,298.43143702619574,280.0018314943497,263.15,0.77,53.31263371844244,279.98473535909886,293.17655731810004,293.23539614157784,291.3332877103425,293.2636016527797,293.2454984058339
36000.0,-41237.8214862513,0,281.26505459704714,297.15,293.15,293.8662174601683,293.15,297.15,289.49346938167633,297.15,293.15,297.15,293.15,741.0369378536238,40497.42780626158,-0.6432578639079006,-0.0,290.7381496708731,292.58168055019274,298.2720102220577,298.3683253026769,281.26228209231226,264.25,0.71,179.69447154471547,280.00183264789564,293.19740028572664,293.2402210584481,291.8132225295463,293.20314255252805,293.23998452261065
39600.0,-40782.20588947454,1,282.4454088882922,297.15,293.15,293.10915617965617,293.15,297.15,288.6735685538161,297.15,293.15,297.15,293.15,809.7046969546766,39972.611169384654,-0.1099768647884713,-0.0,289.6586566862723,292.24834236416586,297.07567748465976,296.05826221553394,282.43463281945657,266.45,0.6,297.03446808510637,281.262278874941,293.15839682954555,293.1636718095573,292.1575713518685,293.15890980061056,293.16326597784547
43200.0,-39492.53091834358,1,283.34831234725584,297.15,293.15,292.8460783528251,293.15,297.15,287.98885168838297,297.15,293.15,297.15,293.15,825.3556277468518,38666.39622091256,0.7790696841727023,-0.0,288.8567089767594,292.4010180131289,295.86404188288276,295.084913433816,283.3466085406143,268.15,0.63,369.4255319148936,282.43463557019413,293.15559220601875,293.1464213813942,292.5688861375684,293.1489565919333,293.16193424773195
46800.0,-40209.103983492736,1,283.8275296071033,297.15,293.15,292.01136380301125,293.15,297.15,288.58851020936424,297.15,293.15,297.15,293.15,825.8939728718801,39382.01854732455,1.1914632962984295,-0.0,289.265881075556,292.6177122380712,295.2961767434424,294.85747713168405,283.82536408785285,269.84999999999997,0.63,298.1751497005988,283.34661323232865,293.1506022890524,293.1589007678957,293.113576800814,293.150843325639,293.1585560964584
50400.0,-37307.74561625849,1,285.28688213416586,297.15,293.15,291.9917790932959,293.15,297.15,289.51018464375153,297.15,293.15,297.15,293.15,826.2754075045144,36480.46750777694,1.00270097703667,-0.0,288.01637001471653,291.7845617858821,293.4179869272369,293.5448495818415,285.26069067823505,270.95,0.63,206.07762807717899,283.8253710561842,293.15040353343636,293.1564434101677,293.04089109826634,293.1511471745907,293.158918171668
54000.0,-37046.24330000121,0,285.7119749496677,297.15,293.15,291.9797457039114,293.15,297.15,289.7269944342967,297.15,293.15,297.15,293.15,826.2425630191901,36218.075318393916,1.9254185880971364,-0.0,287.82728293801586,291.87232451427565,292.77723360196865,293.3968474003944,285.7009946844716,272.04999999999995,0.61,149.41169590643275,285.2606970830137,293.1504760956484,293.1538910362109,293.2611947356501,293.1503058227276,293.1570341306207
57600.0,-35649.95937430102,0,286.96963258339684,297.15,293.15,292.80138334265837,293.15,297.15,289.47691754482406,297.15,293.15,297.15,293.15,825.9920403937953,34802.583266738184,21.384067169040236,-0.0,287.63124633480044,291.9314034520296,292.8455383195889,293.3448079950203,287.1215101647727,272.04999999999995,0.64,83.12356979405034,285.7010060513347,293.1503947949395,293.15113830233986,293.2759601920146,293.1496096300945,293.15166159879664
61200.0,-32644.25643072071,0,287.1157750303099,297.15,293.15,292.52119561797815,293.15,297.15,289.23858923621344,297.15,293.15,297.15,293.15,825.8028386932976,31824.371881398853,-5.91828937143996,-0.0,287.44836712001995,291.8942816508867,292.888396673311,293.18540180041634,287.2579735752259,272.04999999999995,0.6900000000000001,19.704144021739133,287.1216376258557,293.1512549084039,293.1564163365905,293.30795695947563,293.15152970239865,293.15139994276643
64800.0,-38112.067059625595,2,285.75498518767125,297.15,293.15,292.9856310954285,293.15,297.15,288.25410929637263,297.15,293.15,297.15,293.15,825.7524588706525,37290.51666844093,-4.20206768598558,-0.0,289.84988938435345,293.504928213646,294.90659108200265,294.79203798795226,285.74798236087815,272.04999999999995,0.6900000000000001,1.1328124999999996,287.257939390121,293.15014629013314,293.151784532767,293.2519462139746,293.1502140730765,293.1506771540488
68400.0,-45332.51935504241,1,283.82656086328467,297.15,293.15,293.3548932077404,293.15,297.15,287.93833573323815,297.15,293.15,297.15,293.15,825.8253025983754,44508.14684060388,-1.4527881598381005,-0.0,292.77530817950435,295.61253175013957,297.6537664759017,296.99303399457955,283.8121946263665,271.45,0.72,0.0,285.7479565782958,293.14250649016293,293.1293485906161,292.78649888024637,293.1356110577723,293.12980118709356
72000.0,-4345.442206161741,0,284.6415059202034,297.15,293.15,293.9488013510145,293.15,297.15,287.60451012811654,297.15,293.15,297.15,293.15,786.6524195771216,3559.437461482238,-0.6476748976196651,-0.0,293.6058649536505,295.79993755405485,297.7153076834531,298.78106455761883,293.6058649536505,270.95,0.75,0.0,283.81218577518786,293.1270672432266,293.11858275997196,292.3323858617122,293.1321504163689,293.1232939120832
7200.0,0.004092103764141136,0,285.0675672348586,303.15,285.15,294.66459442856404,285.15,303.15,287.64177791973384,303.15,285.15,303.15,285.15,-2.0800965876055565e-15,0.0,-0.004092103764139056,-0.0,293.1500094271085,293.15001482388897,293.15001838492225,293.15001600433715,293.1500163732336,260.95,0.73,0.0,293.15,293.15,293.15,293.15,293.15,293.15
10800.0,-0.0010707575131953773,0,285.4672424454657,303.15,285.15,294.87214722378985,285.15,303.15,287.3188964397818,303.15,285.15,303.15,285.15,-5.002077697666387e-16,0.0,0.0010707575131958776,-0.0,293.1500899242844,293.1501347894882,293.1501566637814,293.1501435292231,293.1501545537973,261.45,0.73,0.0,293.15001749179163,292.7149483227852,292.32100894171026,292.1969378589789,292.3623462676954,292.1042541212252
14400.0,0.003978372740842626,0,283.7946544095638,303.15,285.15,294.76204797691867,285.15,303.15,288.1462135755763,303.15,285.15,303.15,285.15,-7.591280562342527e-16,0.0,-0.003978372740841867,-0.0,293.1500090544957,293.15001809944704,293.15002321761267,293.15001970873806,293.1500154520646,262.04999999999995,0.73,0.0,293.15016419130285,292.63966807027253,292.2006774758538,292.0587926682974,292.2513021532491,292.05589670254267
18000.0,0.014269124381027239,0,285.1254333035474,303.15,285.15,295.12333439415573,285.15,303.15,287.95314086837516,303.15,285.15,303.15,285.15,-9.071943625591203e-16,0.0,-0.014269124381026331,-0.0,293.14966838989966,293.1495315016891,293.1494675892764,293.1495035181718,293.1494556885541,262.04999999999995,0.73,0.0,293.15001781021147,292.5245191032966,292.04144414921393,291.8172090521543,292.0997150590366,291.8862744656125
21600.0,-25800.509347135205,0,285.9811024625515,303.15,285.15,296.0077006263422,285.15,303.15,288.6940271604835,303.15,285.15,303.15,285.15,740.7645749935525,24969.3700505552,90.37472158645346,-0.0,285.7008399937946,285.7008399937946,285.7008399937946,285.7008399937946,285.7008399937946,262.54999999999995,0.73,0.0,293.1494080186881,292.4377404919754,291.912327018542,291.7266509911391,291.9779208974231,291.7445604424639
